{"theLastPlayerPosition":{"x":11.707409858703614,"y":-6.461148738861084,"z":2.0},"theLastPlayerCurrentLife":100.0,"theLastPlayerMaxLife":100.0,"theLastPlayerCurrentMoney":50}