{"theLastPlayerPosition":{"x":27.15805435180664,"y":-6.549887657165527,"z":2.0},"theLastPlayerCurrentLife":100.0,"theLastPlayerMaxLife":100.0,"theLastPlayerCurrentMoney":50}