{"posicion":{"x":10.16047477722168,"y":3.454413890838623,"z":0.0},"vida":100.0,"dinero":50}