{"posicion":{"x":17.946271896362306,"y":-3.1862735748291017,"z":2.0},"vida":50.0,"dinero":50}